CensusTract,State,County,Urban,Pop2010,OHU2010,LowIncomeTracts,PovertyRate,MedianFamilyIncome,foodDesert
48439111008,Texas,Tarrant County,1,7216,2371,0,5.4,74646,1
17043845506,Illinois,DuPage County,1,3854,1755,0,18.6,86607,1
55117010700,Wisconsin,Sheboygan County,0,8202,3123,0,3.2,97264,1
28059042000,Mississippi,Jackson County,1,4808,1725,1,29.7,52625,0
8067970703,Colorado,La Plata County,0,5144,2128,0,10.9,95463,1
37119005709,North Carolina,Mecklenburg County,1,3488,1419,0,4,88958,1
22105954101,Louisiana,Tangipahoa Parish,1,5302,2151,0,19,72889,0
37051002300,North Carolina,Cumberland County,1,4846,2177,1,33,36863,0
37097060901,North Carolina,Iredell County,0,3186,1284,0,15.5,62938,1
6099002002,California,Stanislaus County,1,4527,1340,1,30.7,55673,0
44007014100,Rhode Island,Providence County,1,5052,1950,1,21.2,41992,1
6085512200,California,Santa Clara County,0,4014,1427,0,2.6,195870,1
18121030200,Indiana,Parke County,0,3145,1235,1,12.8,52941,1
53053062500,Washington,Pierce County,1,7073,2664,1,16.1,56917,1
5009790502,Arkansas,Boone County,1,3998,1785,1,27.3,40299,1
31031955900,Nebraska,Cherry County,0,1426,604,0,12.7,63539,0
55133202700,Wisconsin,Waukesha County,1,1552,1028,1,16.3,51071,0
36081071305,New York,Queens County,1,4871,2426,0,6.4,90344,1
19011960100,Iowa,Benton County,0,3012,1110,0,9.6,94620,1
6071003403,California,San Bernardino County,1,4524,1032,1,8.9,63750,0
48113017703,Texas,Dallas County,1,4661,1559,1,23.5,41855,0
6075060502,California,San Francisco County,1,3216,961,1,36,30179,0
20021958600,Kansas,Cherokee County,1,4575,1881,1,13.4,47361,0
8101002300,Colorado,Pueblo County,1,3476,1487,1,23.1,36226,0
17113000104,Illinois,McLean County,1,10908,3827,1,21.5,62800,0
34005700603,New Jersey,Burlington County,1,5621,2120,0,8.4,86875,0
40143008002,Oklahoma,Tulsa County,1,2791,995,1,29.2,38281,0
16083001300,Idaho,Twin Falls County,0,7299,2479,0,9.7,59962,1
22015010400,Louisiana,Bossier Parish,1,1753,631,1,46.8,26250,0
6019005912,California,Fresno County,1,3280,1091,0,3.5,132619,1
12005002608,Florida,Bay County,1,2739,1188,0,2.6,115717,1
42017100803,Pennsylvania,Bucks County,1,4706,1687,0,6.1,95694,1
29087960200,Missouri,Holt County,0,1735,773,0,9.3,64750,0
45089970700,South Carolina,Williamsburg County,0,2465,1003,1,28.1,50833,0
51047930501,Virginia,Culpeper County,0,5227,1438,0,8.2,101358,1
13299950800,Georgia,Ware County,0,6398,2400,1,36.9,34873,0
51760071001,Virginia,Richmond city,1,5325,2414,1,34,37500,0
26163570800,Michigan,Wayne County,1,3022,1097,1,42.6,31088,0
13051004212,Georgia,Chatham County,1,5284,1908,0,11.6,70000,1
42079217200,Pennsylvania,Luzerne County,1,3223,1259,1,29.1,35208,1
55079014700,Wisconsin,Milwaukee County,1,3291,1067,1,78.4,10469,0
12099005916,Florida,Palm Beach County,1,7080,2239,0,9.2,89075,1
40143000900,Oklahoma,Tulsa County,1,1384,561,1,26.5,63061,0
37019020504,North Carolina,Brunswick County,1,1443,709,0,7.7,78056,1
6073017813,California,San Diego County,1,4106,1746,0,3.8,132143,1
42095018001,Pennsylvania,Northampton County,0,4086,1562,0,3.4,96759,1
19125030100,Iowa,Marion County,0,7311,2687,0,5.9,83346,1
6067006002,California,Sacramento County,1,4624,2014,1,17.7,62576,1
47019070300,Tennessee,Carter County,1,5802,2451,1,22.7,49269,0
45073030701,South Carolina,Oconee County,1,3733,1570,1,26.8,51354,0
55079014900,Wisconsin,Milwaukee County,1,1483,801,1,62.1,20385,0
18057110300,Indiana,Hamilton County,0,12100,4423,0,8.2,91219,1
12101031703,Florida,Pasco County,1,4951,1897,1,28.9,39797,0
17097863601,Illinois,Lake County,1,3555,1146,0,0.3,207411,1
48453000206,Texas,Travis County,1,2687,1442,0,8.9,143015,1
1065040300,Alabama,Hale County,0,2093,826,1,24.9,54276,1
6067008910,California,Sacramento County,1,3486,1280,1,19.7,62708,1
13121004000,Georgia,Fulton County,1,2231,870,1,32.4,32163,0
29189220441,Missouri,St. Louis County,1,5898,2538,0,3.1,70703,1
42003504100,Pennsylvania,Allegheny County,1,5243,2435,1,12.4,56417,0
53063000200,Washington,Spokane County,1,4654,1795,1,31.5,37120,0
6073017043,California,San Diego County,1,5535,1981,0,7.2,141543,1
27053025401,Minnesota,Hennepin County,1,3889,1549,0,4.8,77719,0
25013811101,Massachusetts,Hampden County,1,5058,1949,1,29.5,43867,1
12011090900,Florida,Broward County,1,4980,1800,0,5.3,98583,1
28071950503,Mississippi,Lafayette County,0,6152,2861,1,28.7,79808,1
24031702500,Maryland,Montgomery County,1,4987,3047,1,10,79688,1
48201451300,Texas,Harris County,1,6881,3070,0,5.8,115908,1
48113016001,Texas,Dallas County,1,4455,1279,1,35,36636,0
17119400801,Illinois,Madison County,1,1905,809,0,11,86029,1
39113125101,Ohio,Montgomery County,1,7161,2903,0,5.2,92480,1
42051262800,Pennsylvania,Fayette County,0,7128,2814,1,11.1,59558,0
22095070600,Louisiana,St. John the Baptist Parish,1,2810,1004,1,27.7,49836,0
6073003602,California,San Diego County,1,3079,691,1,15.3,50625,1
51067020600,Virginia,Franklin County,0,3774,1166,1,11.2,61010,0
4019003705,Arizona,Pima County,1,6064,1784,1,32.5,34679,0
12031015600,Florida,Duval County,1,3669,1676,0,10,70787,1
36005020100,New York,Bronx County,1,4013,1264,1,40.1,34375,1
12009068602,Florida,Brevard County,1,3803,2083,0,17,65313,1
27123030704,Minnesota,Ramsey County,1,4257,1462,1,21.8,57778,0
48133950400,Texas,Eastland County,0,1932,821,1,14.7,47500,0
29189212001,Missouri,St. Louis County,1,7506,3056,1,22.1,45976,1
6071010700,California,San Bernardino County,1,3798,1462,1,27.7,41000,1
37195000801,North Carolina,Wilson County,1,1862,794,1,63.2,16574,0
47157021725,Tennessee,Shelby County,1,4073,1931,1,16.4,38464,1
29510123200,Missouri,St. Louis city,1,2298,1255,0,11.6,92545,0
8001008100,Colorado,Adams County,1,854,314,1,27.7,64821,0
25017335400,Massachusetts,Middlesex County,1,5094,1810,0,4.6,128341,1
9011715100,Connecticut,New London County,0,4151,1525,0,2.7,129205,1
48201250600,Texas,Harris County,1,7606,2844,1,21.5,44981,0
32003005321,Nevada,Clark County,1,3568,1283,0,12.7,99556,1
28111950200,Mississippi,Perry County,0,3672,1466,1,18.9,41915,0
6113011204,California,Yolo County,1,4672,1609,0,4.6,84963,1
54037972203,West Virginia,Jefferson County,0,2331,871,0,9.2,100670,1
25005613600,Massachusetts,Bristol County,1,3771,1568,1,15.8,58516,0
19001960200,Iowa,Adair County,0,1844,773,0,11.5,72431,1
51013100300,Virginia,Arlington County,1,6213,2022,0,0.9,250001,1
8001008706,Colorado,Adams County,1,5436,1598,1,19.6,54279,1
28161950200,Mississippi,Yalobusha County,1,4192,1690,0,11.7,46875,0
42061950100,Pennsylvania,Huntingdon County,0,1803,742,0,4.2,74474,1
36047016800,New York,Kings County,1,1510,677,0,7.8,117375,1
22071003800,Louisiana,Orleans Parish,1,1475,1019,0,9.3,122667,1
47157020521,Tennessee,Shelby County,1,3693,1215,1,43.7,24612,0
55007960400,Wisconsin,Bayfield County,0,4926,2141,0,11.1,61172,0
36055003700,New York,Monroe County,1,3074,1413,0,18.7,73250,1
24005408506,Maryland,Baltimore County,1,4706,2277,1,14,42527,0
6073018512,California,San Diego County,1,3397,1963,1,11.3,51710,1
25021413200,Massachusetts,Norfolk County,1,6079,2692,0,18.6,92269,1
39007001102,Ohio,Ashtabula County,1,6060,2423,0,19,61506,1
13321950200,Georgia,Worth County,0,6818,2582,1,27.5,62791,1
4001970200,Arizona,Apache County,0,4990,2107,0,11.7,54591,0
12031014601,Florida,Duval County,0,5845,2193,0,5.8,127578,1
42049010201,Pennsylvania,Erie County,1,6145,2418,0,11,63032,1
17161020600,Illinois,Rock Island County,1,2583,927,1,22.9,54688,0
36103123002,New York,Suffolk County,1,4740,1533,0,8.6,99347,1
48453000401,Texas,Travis County,1,3574,1730,1,23.9,109760,0
54003971600,West Virginia,Berkeley County,1,4546,1925,1,33.2,42556,0
6013317000,California,Contra Costa County,1,2144,995,1,10.1,81250,0
31153010103,Nebraska,Sarpy County,1,4354,1757,0,3.5,94375,1
4019004626,Arizona,Pima County,1,3493,1797,1,27.7,42264,1
29047021103,Missouri,Clay County,1,3641,1535,0,10.6,74149,1
42073000300,Pennsylvania,Lawrence County,1,3975,1665,1,25.9,53456,0
24047950800,Maryland,Worcester County,1,5495,2131,0,5.3,95219,1
28059041100,Mississippi,Jackson County,1,6700,2489,1,23.4,46310,0
12105013002,Florida,Polk County,1,4316,1748,1,41.1,28161,1
47065010201,Tennessee,Hamilton County,0,3414,1295,0,12.9,89487,1
42091202301,Pennsylvania,Montgomery County,1,4571,1935,0,3.8,151637,1
47037019004,Tennessee,Davidson County,1,4407,1485,1,31.1,43106,1
39113050402,Ohio,Montgomery County,1,2250,898,1,29.5,49853,0
45019002606,South Carolina,Charleston County,1,2101,874,0,5.1,107083,1
6065045000,California,Riverside County,1,3424,1501,1,23.7,41786,0
6043000400,California,Mariposa County,0,1802,646,0,13.9,93750,0
4019001000,Arizona,Pima County,1,1081,386,1,31.3,49018,0
42133021801,Pennsylvania,York County,1,4527,1716,0,3.6,84275,1
28059041700,Mississippi,Jackson County,1,2319,827,1,21.3,56167,0
29095010500,Missouri,Jackson County,1,4912,1969,1,20.4,50640,0
39153508399,Ohio,Summit County,1,4626,2165,1,34.3,36711,1
21015070200,Kentucky,Boone County,1,6368,2731,1,13.7,53941,1
24043000302,Maryland,Washington County,1,2742,988,1,25.2,42500,1
48201320500,Texas,Harris County,1,4618,1163,1,14.9,61045,0
20209040300,Kansas,Wyandotte County,1,738,277,1,45.4,37931,0
4013114600,Arizona,Maricopa County,1,1914,448,1,32.2,55833,0
42107001000,Pennsylvania,Schuylkill County,1,2817,1301,1,17.9,51394,0
37119005404,North Carolina,Mecklenburg County,1,4927,1827,1,14.7,46663,1
23005002002,Maine,Cumberland County,1,2777,1023,1,9.4,60574,1
39061022301,Ohio,Hamilton County,1,6101,2482,1,23.3,49966,0
48221160100,Texas,Hood County,0,4361,1764,0,14.5,70160,0
47037013800,Tennessee,Davidson County,1,1623,642,1,28.2,38750,0
41071030702,Oregon,Yamhill County,1,7570,2826,1,17,53456,0
12103026912,Florida,Pinellas County,1,3593,2180,1,10.6,46455,1
47157011020,Tennessee,Shelby County,1,1615,659,1,15.1,43750,0
55063001200,Wisconsin,La Crosse County,1,4172,1832,0,8.4,66902,1
8059010901,Colorado,Jefferson County,1,4793,2009,0,10.5,110379,1
39023000200,Ohio,Clark County,1,1559,566,1,35.9,39297,0
27051070200,Minnesota,Grant County,0,2926,1226,1,10,65357,1
13121008302,Georgia,Fulton County,1,2000,691,1,31.5,39375,0
48201223100,Texas,Harris County,1,2111,572,1,25.2,45938,0
17031700100,Illinois,Cook County,1,3427,1005,0,15.8,68837,1
29510107400,Missouri,St. Louis city,1,2788,931,1,41.5,27245,0
21047200200,Kentucky,Christian County,1,3880,1404,1,42.5,28692,0
48161000600,Texas,Freestone County,0,4938,1428,0,10.8,61964,1
45051070300,South Carolina,Horry County,1,2979,1218,1,18.5,45764,1
25013813205,Massachusetts,Hampden County,1,7481,2988,0,7.5,89601,1
42091202604,Pennsylvania,Montgomery County,1,2342,903,0,9.3,134514,1
24510090300,Maryland,Baltimore city,1,4203,1895,1,25.3,75662,1
21015070314,Kentucky,Boone County,1,4865,1644,0,2,104131,1
42059970400,Pennsylvania,Greene County,0,4290,1705,0,13.6,61042,0
35045000100,New Mexico,San Juan County,1,5111,1790,1,31.1,38611,0
34009021804,New Jersey,Cape May County,1,5557,2216,1,19.7,57087,0
28049000900,Mississippi,Hinds County,1,2015,812,1,39.6,26571,1
1055010501,Alabama,Etowah County,1,8191,3160,0,6.9,83358,1
35059950200,New Mexico,Union County,0,4549,1695,1,14.1,47159,1
39095009000,Ohio,Lucas County,0,12417,4588,0,4,116492,1
48449950600,Texas,Titus County,1,4516,1421,1,15,48524,0
12099005937,Florida,Palm Beach County,1,1786,772,0,4.1,235417,1
28143950200,Mississippi,Tunica County,1,4734,1750,1,32.7,37411,1
12101032401,Florida,Pasco County,0,2875,1076,0,10.1,71484,1
28011950400,Mississippi,Bolivar County,0,4709,1655,1,38,37132,0
55135100100,Wisconsin,Waupaca County,0,3857,1497,0,16.3,64792,1
17163502603,Illinois,St. Clair County,1,4210,1371,1,38.9,42857,0
22019001500,Louisiana,Calcasieu Parish,1,1890,706,1,23.2,37417,0
51013103700,Virginia,Arlington County,1,2416,978,0,3.6,206471,1
53017950700,Washington,Douglas County,1,4350,1604,1,19.5,48279,0
21015070305,Kentucky,Boone County,1,5644,2452,0,5.4,76771,1
4019004035,Arizona,Pima County,1,3657,1695,0,14.5,55089,0
36067005700,New York,Onondaga County,1,1956,754,1,20.9,48098,0
39061021801,Ohio,Hamilton County,1,6117,2561,1,13.8,58864,1
26125142100,Michigan,Oakland County,1,1636,562,1,42.8,35197,0
36005005200,New York,Bronx County,1,2031,775,1,33.9,36354,1
48091310501,Texas,Comal County,1,3447,1176,1,16.2,49477,1
27065480200,Minnesota,Kanabec County,0,3834,1489,0,9.9,70714,1
49049000802,Utah,Utah County,1,5167,1644,1,13.4,54871,0
45057010500,South Carolina,Lancaster County,1,5476,2065,1,29.3,32635,0
18089042605,Indiana,Lake County,1,7145,2426,0,4,110058,1
48113012000,Texas,Dallas County,1,7184,2332,1,24.2,34158,0
6001409100,California,Alameda County,1,2255,601,1,19.9,58250,0
17199020800,Illinois,Williamson County,0,6744,2675,0,12.5,64234,0
37081012707,North Carolina,Guilford County,1,2589,950,1,39.2,31764,0
27123034601,Minnesota,Ramsey County,1,4595,1776,1,25.2,63563,0
51049930200,Virginia,Cumberland County,0,3536,1466,1,17.7,68393,1
40143009104,Oklahoma,Tulsa County,0,2349,921,1,23.2,47721,1
45045002302,South Carolina,Greenville County,1,3278,1320,1,24.1,35859,0
50009950200,Vermont,Essex County,0,1222,554,1,11.4,49950,0
6059074102,California,Orange County,1,6819,1273,0,8.1,76190,1
34039038602,New Jersey,Union County,1,4002,1274,0,1.5,218203,1
39099802500,Ohio,Mahoning County,1,1504,620,1,48.7,29423,0
51700031300,Virginia,Newport News city,1,4312,1934,1,18.9,47436,0
25005640500,Massachusetts,Bristol County,1,5165,2418,1,17.5,63125,1
48439103701,Texas,Tarrant County,1,4348,1112,1,36.6,26581,0
51199050305,Virginia,York County,1,3214,1215,0,2.2,120694,1
6067007013,California,Sacramento County,1,2779,966,1,12.2,60192,1
20021958300,Kansas,Cherokee County,1,4031,1717,1,12.1,57386,0
37023021000,North Carolina,Burke County,0,5735,2237,1,17.9,49483,1
6059087200,California,Orange County,1,7643,2482,1,17.4,62097,1
48113011602,Texas,Dallas County,1,6221,1596,1,12.5,50300,0
38035010300,North Dakota,Grand Forks County,1,5212,971,1,54,31170,0
48479001810,Texas,Webb County,1,4677,1147,0,18.1,61705,1
8013012508,Colorado,Boulder County,1,2833,1308,0,13.9,109000,1
18089012800,Indiana,Lake County,1,2326,932,1,50.2,27917,1
56015958000,Wyoming,Goshen County,0,3015,1176,0,12.1,82386,0
39089750700,Ohio,Licking County,1,3371,1475,1,24.5,41094,1
13213010100,Georgia,Murray County,0,3587,1359,1,17.1,52714,0
28059040204,Mississippi,Jackson County,0,6602,2352,0,7.7,70417,1
25027703300,Massachusetts,Worcester County,1,3703,1453,1,10,69531,1
39057200500,Ohio,Greene County,1,5048,1991,1,25.7,47014,0
17125956400,Illinois,Mason County,0,2065,879,1,16.9,52813,1
53053073123,Washington,Pierce County,1,4549,1445,0,5.8,123819,1
1025957800,Alabama,Clarke County,0,5488,2199,1,26.7,57450,0
32033970100,Nevada,White Pine County,0,1882,808,0,2.8,63889,0
42033330100,Pennsylvania,Clearfield County,1,4948,1981,0,14.4,63281,1
1097000901,Alabama,Mobile County,1,1708,756,0,17.1,79808,1
47115050201,Tennessee,Marion County,0,4641,1933,0,14.5,57958,1
53033027100,Washington,King County,1,3431,1248,1,24.8,46708,1
48303000404,Texas,Lubbock County,1,7437,2852,0,18.4,81098,1
29189213600,Missouri,St. Louis County,1,4446,1731,1,34.8,35602,0
29087960100,Missouri,Holt County,0,1432,623,1,15.4,49375,0
8059010406,Colorado,Jefferson County,1,2428,941,1,11.4,44750,0
27053011800,Minnesota,Hennepin County,1,4460,2001,0,3.2,126964,1
17097861403,Illinois,Lake County,1,2746,787,1,15.1,61118,0
18039000802,Indiana,Elkhart County,0,8909,2924,0,2.5,85179,1
27053024004,Minnesota,Hennepin County,1,3532,2408,1,13.1,71048,1
5119004212,Arkansas,Pulaski County,1,5561,1957,0,3.8,135179,1
41051007600,Oregon,Multnomah County,1,3562,1285,1,25.8,61042,0
6065042010,California,Riverside County,1,5887,1344,1,29.8,44007,0
53011042400,Washington,Clark County,1,1995,796,1,27.1,74250,0
55079021400,Wisconsin,Milwaukee County,1,3288,1412,1,34,37730,0
26049003700,Michigan,Genesee County,1,2651,1064,1,28,36350,0
42017100303,Pennsylvania,Bucks County,1,5176,1804,1,9.6,70875,0
13305970400,Georgia,Wayne County,0,3448,1290,0,11.9,56250,0
48499950301,Texas,Wood County,0,3491,1458,0,13.6,59583,1
48381020100,Texas,Randall County,1,2101,905,0,3.4,100156,1
42125721000,Pennsylvania,Washington County,0,4209,1677,0,7.9,74014,1
13121005502,Georgia,Fulton County,1,2556,1094,1,39.8,28599,0
37183053714,North Carolina,Wake County,1,4664,2055,0,5.9,102083,1
8041007201,Colorado,El Paso County,1,6559,2371,0,7.6,140764,1
24510150500,Maryland,Baltimore city,1,1543,679,1,33,43750,1
51810043200,Virginia,Virginia Beach city,1,1134,279,1,9,63456,0
20121100100,Kansas,Miami County,0,3581,1315,0,4.8,99573,1
48201533400,Texas,Harris County,1,9655,2695,1,20.7,41209,0
9001022200,Connecticut,Fairfield County,1,3186,926,1,17.3,51305,0
13135050318,Georgia,Gwinnett County,1,2683,997,1,15,52552,1
45083020400,South Carolina,Spartanburg County,1,1212,468,1,37.7,38088,0
53029970400,Washington,Island County,1,6131,2342,0,12,67962,0
39139001500,Ohio,Richland County,1,2136,895,1,16.4,38516,0
26099255600,Michigan,Macomb County,1,3285,1326,1,20.7,50938,0
17019010700,Illinois,Champaign County,0,8057,3027,0,5.6,92829,1
35001003714,New Mexico,Bernalillo County,1,6941,3679,1,22.2,47253,1
42045408600,Pennsylvania,Delaware County,1,3543,1329,0,1.1,131912,1
39045032300,Ohio,Fairfield County,1,3953,1584,1,14.7,51641,0
6115040303,California,Yuba County,1,6555,1969,0,9.1,65152,1
55025011505,Wisconsin,Dane County,1,4264,1700,1,21.7,70469,0
18097370202,Indiana,Marion County,1,6969,2630,1,24.1,37889,0
53033023401,Washington,King County,1,3546,1456,0,8,102303,1
21207960200,Kentucky,Russell County,0,1612,681,1,20,48074,1
4019004333,Arizona,Pima County,1,3972,1226,0,7.1,61900,1
6019001700,California,Fresno County,0,5701,1658,1,24.4,59301,1
13121010516,Georgia,Fulton County,1,7850,2762,1,22,57821,1
6077003803,California,San Joaquin County,1,5281,1007,0,15.1,65329,0
47093004700,Tennessee,Knox County,1,3947,1701,0,11.4,67625,1
45035010813,South Carolina,Dorchester County,1,8688,3393,0,12,67482,1
12033000300,Florida,Escambia County,1,2518,1154,1,26.9,48409,0
34001001400,New Jersey,Atlantic County,1,3623,1383,1,61.4,18580,0
39095008000,Ohio,Lucas County,1,4073,1564,0,13,74954,1
17201002200,Illinois,Winnebago County,1,3728,1309,1,22.6,44722,0
27115950100,Minnesota,Pine County,0,2493,1086,1,10.8,67147,0
27137013200,Minnesota,St. Louis County,1,3960,1858,0,14.2,83438,1
51710006200,Virginia,Norfolk city,1,3305,1207,1,13,60833,1
4019004404,Arizona,Pima County,1,3247,1826,0,6.5,64063,0
17195001700,Illinois,Whiteside County,1,3269,1358,1,16.7,50795,0
16001010335,Idaho,Ada County,1,20107,6561,0,7.6,83929,1
48291701300,Texas,Liberty County,0,3492,1319,1,10.1,58929,0
33015107200,New Hampshire,Rockingham County,1,6024,2718,1,4,83933,1
27111961200,Minnesota,Otter Tail County,0,2314,1030,0,6.8,77880,1
17043846105,Illinois,DuPage County,1,3351,1213,0,5.7,150139,1
41035970100,Oregon,Klamath County,0,3038,1391,1,13.6,42474,0
18117951500,Indiana,Orange County,0,2983,1268,1,19.2,42934,0
1101005503,Alabama,Montgomery County,1,3722,1388,0,2.9,105028,1
8035014005,Colorado,Douglas County,1,4382,1649,0,1.9,113693,1
25021456101,Massachusetts,Norfolk County,1,3776,1231,0,2.3,128125,1
36055011604,New York,Monroe County,1,2285,1129,0,4.1,97228,1
51097950400,Virginia,King and Queen County,0,3881,1598,1,17.5,62802,0
23003952900,Maine,Aroostook County,0,2958,1272,1,15.7,54643,0
13059140500,Georgia,Clarke County,1,2200,653,1,34.7,30329,0
1033020100,Alabama,Colbert County,1,3467,1601,1,24.2,45659,0
34011040902,New Jersey,Cumberland County,1,6475,2511,1,9.6,51897,0
45079002300,South Carolina,Richland County,1,2187,972,0,6.4,153438,1
25017312200,Massachusetts,Middlesex County,1,4309,1616,1,19.4,71172,0
6075020700,California,San Francisco County,1,5171,2718,0,6.1,220568,1
27053026906,Minnesota,Hennepin County,1,7195,2603,0,1.1,94792,1
53061052005,Washington,Snohomish County,1,5491,2469,0,3.2,138432,1
48113007804,Texas,Dallas County,1,5005,2288,1,13.4,51743,0
36005043100,New York,Bronx County,1,9680,3446,1,33.8,32713,1
50003970200,Vermont,Bennington County,0,2031,898,0,7.4,80515,1
6083000804,California,Santa Barbara County,1,7189,1991,0,15.1,76613,1
48399950500,Texas,Runnels County,0,1974,763,0,6,60938,0
48201342700,Texas,Harris County,1,5054,1867,0,7,66433,1
18035000300,Indiana,Delaware County,1,1606,656,1,43.3,24797,0
34013022900,New Jersey,Essex County,1,4170,1295,1,39.6,38229,1
6059075303,California,Orange County,1,3412,1234,0,7.4,118000,1
53061041903,Washington,Snohomish County,1,6981,2884,1,27.6,41966,0
26125138301,Michigan,Oakland County,1,3654,1329,0,6.9,102125,1
55079013700,Wisconsin,Milwaukee County,1,1578,758,1,54.4,25625,0
49035102300,Utah,Salt Lake County,1,2760,1493,1,23.6,57446,1
17165955100,Illinois,Saline County,1,2349,1013,1,23.1,41719,1
40071001200,Oklahoma,Kay County,0,4875,1923,0,13.9,56667,1
28049003300,Mississippi,Hinds County,1,6508,2207,1,26.9,41143,0
21111011514,Kentucky,Jefferson County,1,3291,1377,0,8.3,70977,1
25005614102,Massachusetts,Bristol County,1,7018,2493,0,8.5,100102,1
21067001500,Kentucky,Fayette County,1,1978,839,1,20.7,55972,1
55023960100,Wisconsin,Crawford County,0,2802,1171,1,16,57163,1
17109010400,Illinois,McDonough County,1,7319,2975,1,47.9,89922,0
48117950400,Texas,Deaf Smith County,1,5695,1850,0,18,58630,0
39085202100,Ohio,Lake County,1,2373,1109,1,14.9,41742,0
45083021100,South Carolina,Spartanburg County,1,3537,1534,1,14.3,50602,0
36109000500,New York,Tompkins County,1,4473,1869,0,10.2,90500,1
49049001602,Utah,Utah County,1,3729,99,1,75.9,23333,0
13021013102,Georgia,Bibb County,1,4340,1483,1,35.1,31359,0
6071002501,California,San Bernardino County,1,5840,1272,1,20.4,54036,0
13021012400,Georgia,Bibb County,1,4305,1603,1,51.5,19718,0
36081120100,New York,Queens County,1,1668,480,1,15,52708,1
21067003101,Kentucky,Fayette County,1,2888,1193,1,21.1,44554,0
48201220800,Texas,Harris County,1,3289,1084,1,59.3,21297,0
24033801104,Maryland,Prince George's County,1,2973,983,1,5.6,76964,0
45015020903,South Carolina,Berkeley County,1,3204,1366,0,14.9,72188,1
26049001800,Michigan,Genesee County,1,1913,648,1,46.2,23583,0
26111291200,Michigan,Midland County,0,5364,2026,0,7.8,75742,1
13229960100,Georgia,Pierce County,0,2902,1098,1,15.8,50586,0
53033011300,Washington,King County,1,5984,2368,1,5.7,69697,0
41001950300,Oregon,Baker County,0,2648,1152,1,19.5,46389,0
47019071500,Tennessee,Carter County,0,2152,960,1,20.7,34601,1
4007940400,Arizona,Gila County,0,5288,1261,1,50.1,36125,0
26025001300,Michigan,Calhoun County,1,4092,1682,1,22.5,52054,0
12009065122,Florida,Brevard County,1,6864,3240,1,22.8,46198,0
39049002520,Ohio,Franklin County,1,2648,1303,1,39.1,40801,0
48305950600,Texas,Lynn County,0,1337,500,0,16.7,61875,0
27053020500,Minnesota,Hennepin County,1,3700,1283,1,16.9,61250,0
48061010500,Texas,Cameron County,1,2529,739,1,38.2,28362,0
6073010103,California,San Diego County,1,5569,1672,1,18,56528,1
36065021301,New York,Oneida County,1,3326,1229,1,29.4,70729,0
13175950600,Georgia,Laurens County,0,2077,756,1,22.1,75292,1
12005002603,Florida,Bay County,1,1926,904,0,18.4,68409,1
26121000500,Michigan,Muskegon County,1,4864,1742,1,50.1,27514,0
29189214400,Missouri,St. Louis County,1,5082,2102,1,14.4,57870,1
4025001603,Arizona,Yavapai County,0,5846,2432,0,18.5,54587,1
42073000200,Pennsylvania,Lawrence County,1,1976,854,1,24,47500,0
28101050500,Mississippi,Newton County,1,3704,1449,1,30.2,31406,0
26125141400,Michigan,Oakland County,1,4053,1427,1,25.5,41120,0
12011060127,Florida,Broward County,1,2666,1253,1,15.8,42173,1
4013422304,Arizona,Maricopa County,1,2786,1240,1,14.2,55625,1
48113008900,Texas,Dallas County,1,2713,1011,1,36,31125,0
48029171902,Texas,Bexar County,1,9551,3768,1,25.5,49590,0
36119002700,New York,Westchester County,1,3444,1222,1,22.8,55980,1
47037015619,Tennessee,Davidson County,1,4639,1777,0,7.1,76023,1
34003050000,New Jersey,Bergen County,1,5530,2087,0,6.8,100417,1
8087000700,Colorado,Morgan County,1,5979,2286,1,13.4,57764,0
39049005420,Ohio,Franklin County,1,2151,823,1,30.6,45724,1
6065044200,California,Riverside County,1,5701,1635,1,32.5,36250,0
47157009100,Tennessee,Shelby County,1,2567,854,1,53.7,23922,0
36063022000,New York,Niagara County,1,3495,1516,1,18.8,56339,0
1015002501,Alabama,Calhoun County,0,7069,2677,0,11,74671,1
25027716300,Massachusetts,Worcester County,1,3228,1449,1,12.3,65282,0
53029971500,Washington,Island County,0,3394,1479,0,6.3,85089,1
6041105000,California,Marin County,1,6590,2560,0,3.2,162446,0
34023007402,New Jersey,Middlesex County,1,4827,1828,0,5.5,95278,0
6067009636,California,Sacramento County,1,7672,2157,0,7,104228,1
48201222000,Texas,Harris County,1,2507,574,1,23.5,41939,1
47157022210,Tennessee,Shelby County,1,4615,1583,1,32.9,35833,0
51153901005,Virginia,Prince William County,1,4363,1258,0,1.3,170755,1
35043940900,New Mexico,Sandoval County,0,2668,761,1,68,17188,0
34023005100,New Jersey,Middlesex County,1,6922,1331,1,42.9,102500,1
48029180702,Texas,Bexar County,1,6576,2952,1,26.2,62540,1
25027730500,Massachusetts,Worcester County,1,3535,1504,1,29.5,35296,1
24045010800,Maryland,Wicomico County,0,6110,2356,0,3.2,93488,0
12105014701,Florida,Polk County,1,4807,1973,0,8.1,62941,1
21177960900,Kentucky,Muhlenberg County,0,1641,618,0,11.5,55417,1
32003005829,Nevada,Clark County,1,6350,2360,0,11.7,65692,1
42077005902,Pennsylvania,Lehigh County,1,1571,715,1,14.3,52625,0
2070000200,Alaska,Dillingham Census Area,0,2381,871,0,11.1,78472,1
53033021904,Washington,King County,1,5043,1757,0,9,108015,1
37139960702,North Carolina,Pasquotank County,0,3117,1251,0,8.2,72245,1
26099256300,Michigan,Macomb County,1,1901,739,0,11.7,61875,1
34003026200,New Jersey,Bergen County,1,5594,1888,0,4.3,156111,1
34023007103,New Jersey,Middlesex County,1,4559,1748,1,13.2,59612,1
41065970500,Oregon,Wasco County,1,3491,1358,1,21.1,52656,0
24033806602,Maryland,Prince George's County,1,4578,1305,1,14.4,62180,0
48141003804,Texas,El Paso County,1,3925,1200,1,31.2,32368,0
39035160400,Ohio,Cuyahoga County,1,3397,1488,0,9.6,80781,1
28151000300,Mississippi,Washington County,1,3583,1133,1,33.8,26145,0
42133022100,Pennsylvania,York County,1,3279,1473,1,28.7,29444,0
26163546400,Michigan,Wayne County,1,1281,456,1,47.6,30930,0
42003522000,Pennsylvania,Allegheny County,1,3294,1555,1,21.1,39102,0
36045060200,New York,Jefferson County,0,6930,2494,0,8.3,77476,1
17031750300,Illinois,Cook County,1,2530,955,0,3.9,107955,1
36111953400,New York,Ulster County,1,4414,1905,0,19.3,91615,0
54039001200,West Virginia,Kanawha County,1,1647,832,1,28.9,47679,0
47037019115,Tennessee,Davidson County,1,3654,1400,0,6.9,111406,1
6029003202,California,Kern County,1,15579,4007,1,16.9,53984,0
6013380000,California,Contra Costa County,1,5706,2606,1,9.6,75156,0
48423000201,Texas,Smith County,1,3760,1381,1,46.1,29175,0
46127020300,South Dakota,Union County,0,7578,2992,0,6.8,107788,1
18075963000,Indiana,Jay County,1,2297,967,1,13.2,48580,0
39093070902,Ohio,Lorain County,1,3422,1651,1,15.1,45921,0
13139000204,Georgia,Hall County,0,4107,1473,0,6.6,96184,1
29111970300,Missouri,Lewis County,0,2659,1007,0,11.8,61226,0
26049012201,Michigan,Genesee County,1,2528,1210,1,25.1,37917,0
40011958700,Oklahoma,Blaine County,0,1737,707,0,13,64583,1
48113005400,Texas,Dallas County,1,5297,1616,1,17.4,42143,0
55079000302,Wisconsin,Milwaukee County,1,3028,973,1,21.9,41250,0
42101000500,Pennsylvania,Philadelphia County,1,2329,684,1,33.2,108636,1
48113019800,Texas,Dallas County,1,4252,1787,0,2.6,250001,1
18091041500,Indiana,LaPorte County,0,5009,1907,0,6,73068,1
34037373000,New Jersey,Sussex County,1,2410,864,0,5.6,95078,1
8037000600,Colorado,Eagle County,0,1398,585,0,4.2,84931,1
51009010502,Virginia,Amherst County,1,823,166,1,4.7,38906,0
47157008900,Tennessee,Shelby County,1,4078,1333,1,52.9,27854,0
9001074400,Connecticut,Fairfield County,1,4168,1402,1,24.7,43059,0
47065011600,Tennessee,Hamilton County,1,5605,2585,1,29.4,56292,0
12095016508,Florida,Orange County,1,8744,2328,1,29.3,49925,0
24005430900,Maryland,Baltimore County,1,5074,2017,1,22.3,47932,1
6037430901,California,Los Angeles County,1,4324,1607,0,9.3,67083,1
8005085400,Colorado,Arapahoe County,1,4320,1381,0,1.6,136080,1
48309001500,Texas,McLennan County,1,2838,1076,1,36.2,31111,0
36105952200,New York,Sullivan County,0,1372,604,0,10.5,78929,1
45091061201,South Carolina,York County,1,7514,3081,0,12.3,64080,0
24033800209,Maryland,Prince George's County,1,4001,1573,1,19.1,58571,1
42045401104,Pennsylvania,Delaware County,1,4134,1629,0,5.4,92759,1
48409011000,Texas,San Patricio County,1,6812,2265,1,35.6,55136,1
46067968800,South Dakota,Hutchinson County,0,1914,707,0,10.5,70000,0
48439104604,Texas,Tarrant County,1,2723,853,1,29.4,37104,0
42127961200,Pennsylvania,Wayne County,0,4271,1770,1,14.8,60125,1
26145012001,Michigan,Saginaw County,1,3670,1430,1,11.5,53836,1
28047002800,Mississippi,Harrison County,1,2773,1231,0,8.1,73750,1
48453000804,Texas,Travis County,1,2295,909,1,30.3,50417,0
6037207400,California,Los Angeles County,1,1363,31,1,27.8,169063,1
6029006100,California,Kern County,1,8264,3016,1,21.7,63707,0
6037127603,California,Los Angeles County,1,2938,843,1,24.6,37364,1
24005405000,Maryland,Baltimore County,0,4446,1695,0,4.9,120433,1
39149972000,Ohio,Shelby County,1,4079,1485,1,26,47109,0
48309003707,Texas,McLennan County,1,8635,3672,0,8.7,60750,1
48201530600,Texas,Harris County,1,3612,1164,1,46.9,33636,0
16011950300,Idaho,Bingham County,0,5914,1847,1,14.2,51023,0
19187000100,Iowa,Webster County,1,7086,3139,0,9.6,64915,1
48029110800,Texas,Bexar County,1,1965,922,1,26.4,44167,0
42125741100,Pennsylvania,Washington County,0,4141,1627,0,3.2,93542,1
22071001402,Louisiana,Orleans Parish,1,1704,684,1,33.8,28654,0
12071040301,Florida,Lee County,1,6000,1774,1,12.8,48625,0
42097081800,Pennsylvania,Northumberland County,0,3640,1490,0,12.6,61071,1
48439113514,Texas,Tarrant County,1,5020,1900,1,23.5,46000,0
48215020721,Texas,Hidalgo County,1,7864,2251,1,22.4,56875,0
12055960800,Florida,Highlands County,1,2635,867,1,28.2,35595,0
12095016411,Florida,Orange County,1,3033,1239,1,20.9,73599,0
39061004702,Ohio,Hamilton County,1,875,346,1,30.5,63750,0
55133204003,Wisconsin,Waukesha County,1,3826,1446,0,4,90000,1
6095250701,California,Solano County,1,2962,1011,1,13.2,63587,0
4013110600,Arizona,Maricopa County,1,4881,2246,0,10.5,90938,0
37133002400,North Carolina,Onslow County,1,6283,2402,1,23.7,38818,0
17163500900,Illinois,St. Clair County,1,3813,1488,1,49.8,18827,0
12055961000,Florida,Highlands County,0,4432,1982,0,15,56692,0
36029008600,New York,Erie County,1,4805,2180,0,5.3,102273,1
13047030100,Georgia,Catoosa County,0,6955,2582,0,13.3,70938,1
17081050900,Illinois,Jefferson County,1,2624,1051,1,31.7,33053,0
48293970400,Texas,Limestone County,1,2182,598,1,38.6,46304,0
37133001500,North Carolina,Onslow County,1,2909,1135,1,38.6,31116,1
22091951200,Louisiana,St. Helena Parish,0,7142,2694,1,23.7,46296,0
53033032329,Washington,King County,1,6599,2362,0,2.1,185229,1
48141003701,Texas,El Paso County,1,4417,1425,1,21.7,38278,1
13135050314,Georgia,Gwinnett County,1,9577,3328,1,13.5,53689,1
36103146607,New York,Suffolk County,1,2546,1105,0,10.8,77159,0
47075930301,Tennessee,Haywood County,1,4663,1867,1,25.8,53362,1
42089300600,Pennsylvania,Monroe County,1,4344,1697,0,18.6,65741,1
36063020200,New York,Niagara County,1,2262,998,1,58.7,14697,0
32003003700,Nevada,Clark County,1,3527,1048,1,24,43321,0
6037121210,California,Los Angeles County,1,3122,759,0,10,83031,0
44003022000,Rhode Island,Kent County,1,3360,1566,0,10,87900,1
9009351800,Connecticut,New Haven County,1,4252,1927,1,6.8,60972,0
49049002300,Utah,Utah County,1,3637,1158,1,17.5,50104,1
48113003700,Texas,Dallas County,1,3048,1176,1,37.2,28092,1
29083950400,Missouri,Henry County,0,3027,1356,1,18.8,51550,0
8005085200,Colorado,Arapahoe County,1,2809,898,0,1.9,149167,1
26163534600,Michigan,Wayne County,1,1902,775,1,40.4,39700,1
39153502600,Ohio,Summit County,1,3054,1203,1,16.9,39958,0
34025801700,New Jersey,Monmouth County,1,4583,1692,1,29.9,43500,0
47157006700,Tennessee,Shelby County,1,3559,1357,1,50.6,26083,0
10001040202,Delaware,Kent County,1,12763,4451,0,5.1,83838,1
17031806001,Illinois,Cook County,1,5812,2561,1,8.4,60552,1
51107611806,Virginia,Loudoun County,1,5935,1852,0,1.4,184500,1
6065045109,California,Riverside County,1,3831,1400,0,13.4,69250,1
17037000100,Illinois,DeKalb County,1,6712,2366,0,12,71014,1
6059001301,California,Orange County,1,6423,2489,0,10.7,84056,1
19153004200,Iowa,Polk County,1,1881,754,1,14.1,64821,1
53061053504,Washington,Snohomish County,1,6383,2530,0,5,90729,0
17031827804,Illinois,Cook County,1,3308,1143,0,9.2,88542,1
37067000100,North Carolina,Forsyth County,1,2052,923,0,13.5,66250,0
28047002500,Mississippi,Harrison County,1,1812,407,0,8.3,57279,0
29095011405,Missouri,Jackson County,1,3348,1297,1,33.7,32679,0
17105960200,Illinois,Livingston County,0,4690,1438,0,12.9,78576,1
48141004105,Texas,El Paso County,1,3799,1330,1,29.1,32028,1
34031124312,New Jersey,Passaic County,1,3917,1639,0,4.1,133583,1
45031010400,South Carolina,Darlington County,0,5817,2373,0,8.3,86037,1
21029020701,Kentucky,Bullitt County,1,6134,2350,1,17.5,57233,1
25025100400,Massachusetts,Suffolk County,1,4865,1695,1,20.1,78607,1
28135950300,Mississippi,Tallahatchie County,0,5459,1098,1,25.9,42872,0
40109108403,Oklahoma,Oklahoma County,1,2001,1001,0,3.2,86932,1
18097380700,Indiana,Marion County,1,5283,2152,1,26,39464,0
13313000501,Georgia,Whitfield County,0,3723,1438,0,13.5,69233,1
36001014700,New York,Albany County,0,2692,1026,0,2.6,98000,1
8041004501,Colorado,El Paso County,1,6348,1455,1,26.5,45423,0
6029003600,California,Kern County,1,4531,1423,1,27.1,41328,0
36067014300,New York,Onondaga County,1,3084,1364,1,19.3,54091,0
36047023800,New York,Kings County,1,4590,1362,1,34.2,31633,1
29189213700,Missouri,St. Louis County,1,5484,2208,1,25.8,59541,0
27053025201,Minnesota,Hennepin County,1,4638,1679,1,15.1,61181,0
42017100304,Pennsylvania,Bucks County,1,2319,1001,1,34.6,51250,0
26163559100,Michigan,Wayne County,1,2635,1039,0,4.9,80469,1
39063000100,Ohio,Hancock County,0,4208,1811,1,22,66736,1
39113070400,Ohio,Montgomery County,1,2539,1001,1,27,42627,0
55079007000,Wisconsin,Milwaukee County,1,3020,1011,1,39.3,26053,1
6037573700,California,Los Angeles County,1,4554,1723,0,3.3,122176,1
13033950900,Georgia,Burke County,0,1757,666,1,11.8,46591,1
22079013500,Louisiana,Rapides Parish,0,6243,2373,0,18.4,54145,0
27137003000,Minnesota,St. Louis County,1,1436,579,1,16.5,66731,0
12005002400,Florida,Bay County,1,3994,1728,1,32.3,35972,0
48415950600,Texas,Scurry County,0,5056,1764,0,16.2,67250,0
12101031003,Florida,Pasco County,1,5481,2290,1,24.6,43226,0
42073011400,Pennsylvania,Lawrence County,0,2219,953,1,6.7,60250,1
22017021100,Louisiana,Caddo Parish,1,3072,1312,1,39.4,37652,0
26161410900,Michigan,Washtenaw County,1,1434,638,1,14.2,71250,0
39095002200,Ohio,Lucas County,1,1556,565,1,49.4,24053,1
26161411000,Michigan,Washtenaw County,1,2579,1343,1,35.5,53393,0
47037010903,Tennessee,Davidson County,1,4810,1692,1,29.3,34875,0
5119002403,Arkansas,Pulaski County,1,4141,1541,1,26,48030,0
17121952500,Illinois,Marion County,1,2819,1195,1,29.2,40260,0
36081069400,New York,Queens County,1,3314,1013,0,17.1,82796,1
34017010800,New Jersey,Hudson County,1,3143,1214,1,8.6,70493,0
29077001800,Missouri,Greene County,1,3407,1405,1,33.5,33433,0
39153503100,Ohio,Summit County,1,1911,690,1,32.6,34528,1
12011080403,Florida,Broward County,1,6485,2374,1,25.4,65083,0
19163011500,Iowa,Scott County,1,2326,974,1,19.3,45583,1
47037017701,Tennessee,Davidson County,1,2081,886,0,2.3,166667,1
6075023001,California,San Francisco County,1,5216,1312,1,12.8,85938,1
40109108524,Oklahoma,Oklahoma County,1,3237,1128,0,4.3,103947,1
8069001104,Colorado,Larimer County,1,5671,2343,1,22.7,60655,1
41039004100,Oregon,Lane County,1,3794,1601,1,15.7,55917,0
17087977600,Illinois,Johnson County,0,4447,1856,0,11.8,67969,0
26099241000,Michigan,Macomb County,1,4552,2073,1,17.5,60214,1
48439111102,Texas,Tarrant County,1,5697,1844,1,23.7,48393,0
17031817900,Illinois,Cook County,1,5632,2236,1,8.9,65495,1
13063040408,Georgia,Clayton County,1,7423,2581,1,19.2,56889,0
37119003201,North Carolina,Mecklenburg County,1,2785,1123,1,20.3,40441,0
30081000401,Montana,Ravalli County,0,2657,898,1,21.6,55900,1
53063011000,Washington,Spokane County,1,3583,1474,0,10.7,73831,1
40125500500,Oklahoma,Pottawatomie County,1,4335,1372,1,23.3,46831,0
6109005100,California,Tuolumne County,0,8355,3583,1,18,64593,0
45025950700,South Carolina,Chesterfield County,0,5393,2108,1,20.7,56563,0
42111021901,Pennsylvania,Somerset County,0,2464,1031,1,9.6,57464,1
31101000300,Nebraska,Keith County,0,3575,1629,0,7.1,67679,0
37025041200,North Carolina,Cabarrus County,0,5779,2291,0,11.6,89085,1
47105060502,Tennessee,Loudon County,0,2358,910,0,17.5,59286,1
47093006501,Tennessee,Knox County,0,3276,1326,0,7.6,79250,1
25009221700,Massachusetts,Essex County,1,2840,1236,1,7.7,64653,0
34005703102,New Jersey,Burlington County,1,2673,884,0,1.7,191250,1
37097061003,North Carolina,Iredell County,0,3572,1500,1,16.3,56705,1
12086012400,Florida,Miami-Dade County,1,9525,2672,0,8.2,79619,1
45007000500,South Carolina,Anderson County,1,2875,1078,1,24.4,30268,0
23019012500,Maine,Penobscot County,0,2561,1035,0,13.4,56389,0
51730811300,Virginia,Petersburg city,1,2565,1082,1,28.1,44635,1
42073000700,Pennsylvania,Lawrence County,1,2032,731,1,35.4,22813,0
17031834700,Illinois,Cook County,1,2078,635,1,52.3,24063,1
12086008205,Florida,Miami-Dade County,1,3985,1352,0,2.4,186830,1
47157021731,Tennessee,Shelby County,1,2845,821,1,43.4,38533,0
22075050500,Louisiana,Plaquemines Parish,0,1426,479,1,48.1,33125,0
12057012403,Florida,Hillsborough County,1,5507,1648,1,28.9,48686,0
47157007822,Tennessee,Shelby County,1,1681,650,1,41,27679,0
27053109100,Minnesota,Hennepin County,1,4375,2502,0,5.7,143879,1
17003957600,Illinois,Alexander County,0,2928,1012,1,32,44840,0
48029171700,Texas,Bexar County,1,7520,2366,1,19.1,41791,0
11001005500,District of Columbia,District of Columbia,1,6671,4185,0,16.9,171532,1
27053012101,Minnesota,Hennepin County,1,3159,1232,1,18.9,74919,0
17119403802,Illinois,Madison County,0,4596,1805,0,6.5,76217,1
6037271902,California,Los Angeles County,1,3877,1796,0,9,103042,1
48439101700,Texas,Tarrant County,1,2620,624,1,70.6,15500,0
26021020900,Michigan,Berrien County,1,3627,1455,1,25.7,42656,0
42087960700,Pennsylvania,Mifflin County,1,2316,1058,1,17.2,49738,0
13121006400,Georgia,Fulton County,1,1346,430,1,25.5,31964,0
25017312300,Massachusetts,Middlesex County,1,4931,2001,1,8.4,76526,1
37179020309,North Carolina,Union County,1,2347,832,0,5,110000,1
27123041800,Minnesota,Ramsey County,1,3666,1578,0,10.6,86707,1
48141003000,Texas,El Paso County,1,4188,1323,1,43.3,31964,0
40109107805,Oklahoma,Oklahoma County,1,2524,942,1,16.8,48214,0
45035010814,South Carolina,Dorchester County,1,6212,2176,0,5,77065,1
6037901004,California,Los Angeles County,1,12544,3608,0,8.5,89162,1
29095013401,Missouri,Jackson County,1,2542,928,1,20.4,45966,0
28009950100,Mississippi,Benton County,0,6062,2377,1,23.6,48793,0
21085950700,Kentucky,Grayson County,0,2296,975,1,26,54107,0
39153530603,Ohio,Summit County,1,4574,2110,0,6,66525,1
22071000607,Louisiana,Orleans Parish,1,3709,1425,0,7.3,86613,1
17167002700,Illinois,Sangamon County,1,3406,1576,1,16.1,53438,0
48113013008,Texas,Dallas County,1,3630,1335,0,15.1,130536,1
12109021301,Florida,St. Johns County,1,6060,2426,1,11.1,51959,0
13089023206,Georgia,DeKalb County,1,7211,2533,1,22.6,49392,1
42003468900,Pennsylvania,Allegheny County,1,3641,1832,0,15.5,64607,0
12105014804,Florida,Polk County,0,7130,2717,0,3.9,78750,1
26145011000,Michigan,Saginaw County,1,6111,2485,1,32.7,36490,0
53033031909,Washington,King County,1,3037,1094,0,3.6,113902,1
25025170200,Massachusetts,Suffolk County,1,4564,1728,1,20.6,55000,1
20155001700,Kansas,Reno County,0,2513,1048,1,12.9,54688,0
12127082201,Florida,Volusia County,1,3879,2124,1,40.5,28229,0
28049002200,Mississippi,Hinds County,1,2450,771,1,53.9,21078,0
12091022002,Florida,Okaloosa County,1,3393,1514,0,16.5,64474,1
45083023900,South Carolina,Spartanburg County,0,5080,2090,0,14,57016,1
19153005100,Iowa,Polk County,1,4597,2700,0,17.9,81544,0
48201432801,Texas,Harris County,1,4767,1877,1,36.5,31909,1
36059409600,New York,Nassau County,1,5101,1676,0,4.4,130938,1
48047950200,Texas,Brooks County,1,5181,1899,1,40.2,30000,0
32023960405,Nevada,Nye County,1,3929,1583,1,19.9,47198,1
20191962100,Kansas,Sumner County,0,5271,2043,0,7.2,87250,1
19163012502,Iowa,Scott County,1,3947,1525,0,10.5,61781,1
55025001501,Wisconsin,Dane County,1,1999,912,1,19.5,64531,0
6077002701,California,San Joaquin County,1,6409,1755,1,24.3,43664,0
6081608013,California,San Mateo County,1,4049,1509,0,1.9,161111,1
36005027300,New York,Bronx County,1,7942,2555,1,28.6,39231,1
12057013802,Florida,Hillsborough County,1,2887,1036,1,22,57458,0
26025000500,Michigan,Calhoun County,1,3259,1189,1,44.2,26971,1
6073008339,California,San Diego County,1,1853,840,1,41.3,103056,1
40143009300,Oklahoma,Tulsa County,1,4190,1728,1,12.2,50820,0
6047000401,California,Merced County,0,1834,539,1,18.8,51346,1
34015500400,New Jersey,Gloucester County,1,6097,2286,1,22,55759,0
34019011301,New Jersey,Hunterdon County,1,6554,2284,0,1.5,173188,1
5115951200,Arkansas,Pope County,0,8437,3078,0,15.3,59115,1
36011040400,New York,Cayuga County,0,4464,1785,0,6.9,73333,1
47187050701,Tennessee,Williamson County,1,4265,1583,0,5,102325,1
47037012801,Tennessee,Davidson County,1,4835,1982,1,34.4,42429,0
6067008111,California,Sacramento County,1,6153,2291,0,7.9,70055,1
40109107206,Oklahoma,Oklahoma County,1,4261,1686,1,21.5,48480,0
32003001402,Nevada,Clark County,1,4162,1040,1,27.6,45117,1
11001000300,District of Columbia,District of Columbia,1,6233,2754,0,17.4,234100,1
6037113213,California,Los Angeles County,1,4316,1594,0,4.5,90845,1
26045020303,Michigan,Eaton County,1,3489,1758,0,13.1,78047,1
21085950100,Kentucky,Grayson County,0,2800,1118,0,20,51458,0
26065005201,Michigan,Ingham County,1,5516,2266,1,23.4,37415,0
48201413000,Texas,Harris County,1,3460,1454,0,1.9,179773,1
37189920601,North Carolina,Watauga County,1,5280,2435,1,50,73889,1
12057011408,Florida,Hillsborough County,1,2793,1070,0,5.3,81838,1
35055952300,New Mexico,Taos County,0,2925,1424,1,38.3,48631,0
48039663400,Texas,Brazoria County,1,6989,2848,0,9.6,81750,1
48201230800,Texas,Harris County,1,2805,910,1,21.2,44348,1
37097060300,North Carolina,Iredell County,1,2706,970,1,35.8,29728,0
18127050405,Indiana,Porter County,1,1110,508,0,3.2,128438,1
39151714000,Ohio,Stark County,1,3950,1734,1,18.6,55109,1
42081011700,Pennsylvania,Lycoming County,0,7427,2262,0,13.9,61929,1
42129807800,Pennsylvania,Westmoreland County,1,3973,1840,0,11.5,66133,0
53063011900,Washington,Spokane County,1,4352,1773,1,15.6,50417,0
1015001000,Alabama,Calhoun County,1,5792,2593,0,13.3,65847,1
12103020302,Florida,Pinellas County,1,3604,1562,0,16.8,75174,1
42007601600,Pennsylvania,Beaver County,1,1500,658,1,13.7,61161,0
36063023500,New York,Niagara County,1,2617,1081,1,28.3,43194,0
28127950500,Mississippi,Simpson County,1,4866,1769,1,27.7,36383,0
29073960200,Missouri,Gasconade County,0,1926,817,0,8.4,66758,1
13067031311,Georgia,Cobb County,1,9151,3320,1,27,50099,0
36031961400,New York,Essex County,0,1485,651,0,8.3,66875,0
27027030102,Minnesota,Clay County,1,5419,2140,0,9.3,94590,0
51031020700,Virginia,Campbell County,1,3452,1477,1,24.1,40052,0
8031001403,Colorado,Denver County,1,2218,1044,1,16.3,53036,0
37063002017,North Carolina,Durham County,1,6654,2847,0,7.4,129730,1
24033803401,Maryland,Prince George's County,1,1323,434,1,8.1,77188,1
18097331000,Indiana,Marion County,1,4238,1628,1,15.6,51563,1
27053126200,Minnesota,Hennepin County,1,4291,2228,0,14.8,173167,1
37135010706,North Carolina,Orange County,1,3203,1130,0,5.8,141910,1
1101000200,Alabama,Montgomery County,1,1605,417,1,23.7,53864,0
48029121117,Texas,Bexar County,1,4448,1990,0,8,81111,1
12086011201,Florida,Miami-Dade County,1,6280,1801,1,32.9,47125,0
51770001800,Virginia,Roanoke city,1,3958,1885,0,13.8,78828,1
27111960800,Minnesota,Otter Tail County,0,3087,1257,0,5.2,89861,1
29025950100,Missouri,Caldwell County,0,2939,1189,1,16,51667,0
26045020302,Michigan,Eaton County,1,6149,2262,0,7.7,94487,1
6037920328,California,Los Angeles County,1,1990,871,0,11.6,160652,1
12099005701,Florida,Palm Beach County,1,4182,1621,1,24.5,36541,0
48485013700,Texas,Wichita County,1,2785,1148,1,19.4,52940,0
35061970101,New Mexico,Valencia County,1,4708,1406,1,37.5,28821,0
17001010300,Illinois,Adams County,0,5890,2210,0,7.8,64138,0
12043000200,Florida,Glades County,0,6870,2521,1,20.8,50063,0
48291700800,Texas,Liberty County,0,8892,3207,0,7.3,71591,1
6065045209,California,Riverside County,1,5441,1598,1,16.7,50917,0
29510114101,Missouri,St. Louis city,1,4281,2257,0,16,63653,1
47119010802,Tennessee,Maury County,1,6713,2477,1,23.4,51567,1
41005021900,Oregon,Clackamas County,1,3515,1384,1,20.8,63841,0
16059970100,Idaho,Lemhi County,0,2487,1099,0,12.3,67841,1
4012940300,Arizona,La Paz County,0,3997,1365,1,34.8,36909,0
40113940009,Oklahoma,Osage County,0,3216,1209,0,9,84130,1
6037406901,California,Los Angeles County,1,4701,1162,0,16.1,68523,1
1097001800,Alabama,Mobile County,1,2634,1004,1,42.4,28796,0
53053062300,Washington,Pierce County,1,5244,1633,1,12.8,69148,0
34013017700,New Jersey,Essex County,1,4691,1412,1,24.5,51279,0
51710002500,Virginia,Norfolk city,1,4748,808,1,49.8,27240,0
6037311802,California,Los Angeles County,1,3813,1377,1,11.9,63056,1
47129110300,Tennessee,Morgan County,0,6032,1451,1,17.4,51643,0
17167001300,Illinois,Sangamon County,1,1742,969,1,25.9,56450,0
18145710500,Indiana,Shelby County,1,4365,1762,0,19.2,60861,1
36043010201,New York,Herkimer County,1,3625,1507,0,10.7,71202,0
13115001702,Georgia,Floyd County,0,6413,2501,1,13.5,46657,1
48029141200,Texas,Bexar County,1,6885,2352,1,30.6,34850,0
51810045810,Virginia,Virginia Beach city,1,2067,709,1,43.7,36389,1
51057950600,Virginia,Essex County,0,3865,1492,1,12.4,54905,1
33015100302,New Hampshire,Rockingham County,1,4262,1768,0,6.7,95400,0
37151030400,North Carolina,Randolph County,1,4193,1637,1,31.8,36591,0
6111002300,California,Ventura County,1,7430,2096,1,13.4,56774,0
37009970200,North Carolina,Ashe County,0,2884,1275,1,18.7,49179,0
45077011101,South Carolina,Pickens County,0,2389,910,0,11.1,81389,1
51015071102,Virginia,Augusta County,1,5735,2199,0,3.1,80647,1
6059021913,California,Orange County,1,8140,1916,0,9.7,76111,1
29510115600,Missouri,St. Louis city,1,5279,2279,1,29.4,28771,0
27053100400,Minnesota,Hennepin County,1,2961,975,1,43.7,31316,0
48201330400,Texas,Harris County,1,4663,1421,1,21.1,44619,0
26047970100,Michigan,Emmet County,0,2223,984,1,18.7,54615,0
18095010600,Indiana,Madison County,1,5352,2176,1,22,67819,0
30063000500,Montana,Missoula County,1,7416,2293,1,36.2,70129,0
35001003737,New Mexico,Bernalillo County,1,2785,1184,0,4.2,125118,1
6001420300,California,Alameda County,1,4571,1987,1,7.3,85150,1
17167002300,Illinois,Sangamon County,1,2460,904,1,38.5,37788,1
41005022800,Oregon,Clackamas County,0,3977,2040,0,3.3,103092,1
12099007748,Florida,Palm Beach County,1,4842,1535,0,2.6,141893,1
48245006600,Texas,Jefferson County,1,3897,1486,1,38.7,30237,0
42073000900,Pennsylvania,Lawrence County,1,1825,798,1,40.3,26375,0
35053978100,New Mexico,Socorro County,0,4253,1707,1,21.8,50987,0
29097011200,Missouri,Jasper County,0,6642,2533,1,15.2,51719,1
6073005800,California,San Diego County,1,2725,1653,0,8.4,149625,0
49011126802,Utah,Davis County,1,4892,1541,0,4,105755,1
36005008900,New York,Bronx County,1,3177,1139,1,25.9,37875,1
17099963800,Illinois,LaSalle County,1,4476,1912,1,21.2,54939,1
47141001300,Tennessee,Putnam County,0,2315,910,0,9.4,58636,1
6011000400,California,Colusa County,0,2495,942,0,12.2,69412,0
42043022501,Pennsylvania,Dauphin County,1,5718,2195,0,3.4,117936,1
24510260605,Maryland,Baltimore city,1,4795,1927,1,29.9,46875,0
36103158408,New York,Suffolk County,1,4025,1423,0,2.7,95848,0
17095000200,Illinois,Knox County,0,2926,1261,0,9.7,67244,1
36055005000,New York,Monroe County,1,1777,580,1,48.3,20197,1
13003960100,Georgia,Atkinson County,0,2077,770,1,30.9,33203,0
26031960800,Michigan,Cheboygan County,0,3779,1483,1,16.9,50897,0
39049008330,Ohio,Franklin County,1,1744,709,1,18.9,39018,1
24015031301,Maryland,Cecil County,0,3477,1200,0,8.7,93063,1
25013812401,Massachusetts,Hampden County,1,6210,2481,0,2.4,109083,1
36029017200,New York,Erie County,1,2257,1055,1,24,54750,1
48303000302,Texas,Lubbock County,1,7258,2537,1,33.2,42426,0
29123960200,Missouri,Madison County,1,5243,2179,1,19.8,50682,0
23031025202,Maine,York County,1,6966,3068,1,23.8,47551,0
51199050204,Virginia,York County,1,5831,1871,1,8.7,65616,1
17031821900,Illinois,Cook County,1,5233,1872,0,5.1,83011,1
23021960400,Maine,Piscataquis County,0,1309,615,1,16.5,56071,0
8113968200,Colorado,San Miguel County,0,1494,653,0,7.3,79732,1
4013523102,Arizona,Maricopa County,1,5327,1642,1,31.5,45661,0
53063012300,Washington,Spokane County,1,5562,2455,1,21.1,60840,0
51710000700,Virginia,Norfolk city,1,2864,1138,0,6.5,75475,1
39095010200,Ohio,Lucas County,1,2422,1108,1,24.8,47582,1
22013970500,Louisiana,Bienville Parish,0,2867,1224,0,15.5,60491,0
27145000701,Minnesota,Stearns County,1,2857,1220,1,12,59125,1
42069101400,Pennsylvania,Lackawanna County,1,2855,1066,1,42.4,31750,1
32031003512,Nevada,Washoe County,1,4358,1569,0,6.4,102000,1
48029130600,Texas,Bexar County,1,4595,1510,1,46.4,28201,0
48439113911,Texas,Tarrant County,1,7008,2906,0,10.4,82974,1
53053060500,Washington,Pierce County,1,3923,1654,0,5.6,150363,1
26125128200,Michigan,Oakland County,1,3209,1148,0,3.2,133333,1
13215000900,Georgia,Muscogee County,1,2851,1201,1,23.8,44490,0
1133965600,Alabama,Winston County,0,5415,2181,1,13.3,42593,1
6023010501,California,Humboldt County,1,6635,2739,1,17.6,57995,0
8043978800,Colorado,Fremont County,1,2490,1145,1,16.6,59808,0
35031943500,New Mexico,McKinley County,0,3423,985,1,29.8,41667,0
13121011000,Georgia,Fulton County,1,3066,1031,1,43.7,33866,0
17201003606,Illinois,Winnebago County,1,2667,1091,1,14.8,46708,1
25027710500,Massachusetts,Worcester County,1,3246,1289,1,23.1,48796,0
6037239320,California,Los Angeles County,1,3444,769,1,34.6,41912,1
48469000100,Texas,Victoria County,1,2215,653,1,22,51774,1
51085320601,Virginia,Hanover County,1,4243,1355,0,19.9,74048,0
42079217700,Pennsylvania,Luzerne County,1,4499,1822,1,16.5,49700,1
23017966000,Maine,Oxford County,0,3307,1418,0,18.3,65789,1
41067031612,Oregon,Washington County,1,3174,1117,0,16.3,79038,0
24005421200,Maryland,Baltimore County,1,1839,734,1,18.4,58750,0
12099004702,Florida,Palm Beach County,1,5512,1696,1,16.4,48240,1
36047019200,New York,Kings County,1,2772,756,1,23.8,42227,1
6071006500,California,San Bernardino County,1,8386,1767,1,54.5,24459,0
36055002700,New York,Monroe County,1,1432,507,1,41.2,28333,0
4019004621,Arizona,Pima County,1,2000,1078,0,5.3,63866,1
27037060727,Minnesota,Dakota County,1,3116,1426,0,6.1,79766,1
48075950200,Texas,Childress County,1,4940,2013,1,15.5,42230,0
6115040500,California,Yuba County,1,4111,1220,1,23.6,40417,0
49049003403,Utah,Utah County,1,5206,1463,0,4.8,63178,1
21145031100,Kentucky,McCracken County,1,5835,2396,0,12.4,70275,1
29189212200,Missouri,St. Louis County,1,6778,2566,1,33.5,37893,0
39049002300,Ohio,Franklin County,1,1453,570,1,19.3,32262,0
36065021102,New York,Oneida County,1,2541,1021,1,39.1,36190,1
27099000100,Minnesota,Mower County,1,2035,854,1,10.3,65000,1
37161960800,North Carolina,Rutherford County,1,4475,1983,1,37.7,31134,0
22071001100,Louisiana,Orleans Parish,1,1663,857,1,21.6,58676,0
25023530600,Massachusetts,Plymouth County,1,6364,1711,0,4.2,120320,1
8069001601,Colorado,Larimer County,1,1681,726,0,13.7,70313,0
40101000100,Oklahoma,Muskogee County,1,4774,2065,1,20.2,43019,0
17181950200,Illinois,Union County,0,2592,1066,0,10.2,64479,0
22071013000,Louisiana,Orleans Parish,1,1490,698,1,21.2,66250,0
13057091102,Georgia,Cherokee County,1,8383,2752,0,9.4,91574,1
39099802300,Ohio,Mahoning County,1,1033,444,1,40.8,27941,0
36119014808,New York,Westchester County,1,3464,1193,0,1.4,149643,1
12127082100,Florida,Volusia County,1,4569,1659,1,55.3,21202,0
19155030501,Iowa,Pottawattamie County,1,2245,922,1,20.6,50426,1
28085950300,Mississippi,Lincoln County,0,6947,2664,0,12.5,73293,1
55099970700,Wisconsin,Price County,0,2514,1088,1,11.9,56875,0
29510124600,Missouri,St. Louis city,1,1845,748,1,52.5,17431,1
4013116203,Arizona,Maricopa County,1,4760,1972,0,15.8,61339,0
18053000700,Indiana,Grant County,1,3699,1623,1,32,28578,0
6037910810,California,Los Angeles County,1,2765,825,0,4,144750,1
28029950600,Mississippi,Copiah County,0,3306,1261,1,25,53182,0
34023006800,New Jersey,Middlesex County,1,4725,1663,1,13.4,74127,0
55101000200,Wisconsin,Racine County,1,5962,2120,1,24.6,50132,0
38001965600,North Dakota,Adams County,0,2343,1098,0,8.3,72614,0
4007000700,Arizona,Gila County,0,1710,905,1,15.9,44844,0
40027201203,Oklahoma,Cleveland County,1,5396,2141,1,28.1,67621,1
17179021101,Illinois,Tazewell County,1,6821,2966,1,23.7,55846,0
9009120200,Connecticut,New Haven County,1,6181,2620,1,20,55893,0
40143007523,Oklahoma,Tulsa County,1,2521,891,0,6.8,89250,1
4001944000,Arizona,Apache County,0,6043,1821,1,42,34760,0
48113016407,Texas,Dallas County,1,6703,2097,1,12.5,60761,0
32003000526,Nevada,Clark County,1,2695,677,1,25,46950,1
6077000700,California,San Joaquin County,1,5269,1259,1,37.9,30101,1
36029009200,New York,Erie County,1,4294,2202,1,18.4,63382,1
48347950900,Texas,Nacogdoches County,1,2678,1033,1,56.8,20923,0
48439101201,Texas,Tarrant County,1,1966,652,1,27.3,55455,0
47105060100,Tennessee,Loudon County,0,4729,1924,0,11.3,57679,1
26109960200,Michigan,Menominee County,0,4088,1619,1,13.3,54969,0
48113009101,Texas,Dallas County,1,5684,1537,1,26.8,51288,0
27053026707,Minnesota,Hennepin County,1,4843,1741,0,2.9,104069,1
26065000700,Michigan,Ingham County,1,2501,1079,1,47.7,23750,0
32031001400,Nevada,Washoe County,1,3002,1331,1,29.8,61630,1
9001044000,Connecticut,Fairfield County,1,5974,2261,1,19.6,51298,0
30081000201,Montana,Ravalli County,0,3529,1583,0,18,60000,1
8031003602,Colorado,Denver County,1,4337,1457,1,22,46129,0
12031002600,Florida,Duval County,1,3795,1332,1,50.8,23529,0
12086003602,Florida,Miami-Dade County,1,6942,3136,1,26.3,33576,1
6007002400,California,Butte County,0,5157,2280,1,18.6,44861,0
1073002400,Alabama,Jefferson County,1,3629,1593,1,45,30179,0
48201330900,Texas,Harris County,1,7886,2731,1,28.8,42051,0
8031004102,Colorado,Denver County,1,4173,1356,1,21.9,59375,0
48215021000,Texas,Hidalgo County,1,6520,2065,1,36.5,28516,0
26109960100,Michigan,Menominee County,0,3521,1431,1,14.5,54805,0
9003405500,Connecticut,Hartford County,1,5206,2166,0,5.2,85750,0
18089011400,Indiana,Lake County,1,1271,465,1,58.7,19457,0
25009204101,Massachusetts,Essex County,1,4669,1746,1,22.4,69405,1
37129011400,North Carolina,New Hanover County,1,1420,653,1,35.4,34356,0
12011030703,Florida,Broward County,1,4286,2287,1,6.5,49297,0
54039011302,West Virginia,Kanawha County,1,5875,2382,0,8.9,72027,1
2050000200,Alaska,Bethel Census Area,1,6080,1896,0,13.3,88864,1
34005700104,New Jersey,Burlington County,1,1921,703,1,17.5,56477,0
12015020800,Florida,Charlotte County,1,4105,1723,1,19,47691,0
25001011600,Massachusetts,Barnstable County,1,2710,1390,1,14.8,71739,0
6073021000,California,San Diego County,0,4440,2024,1,11.7,52121,0
6111003201,California,Ventura County,1,4577,787,1,25.8,43355,0
55039040800,Wisconsin,Fond du Lac County,1,4571,1874,1,11.2,58839,1
6075013102,California,San Francisco County,1,2625,1582,0,6.4,192585,1
6061023200,California,Placer County,1,4960,1487,0,5.6,106136,1
22071000701,Louisiana,Orleans Parish,1,568,191,1,45.2,31250,0
12095012000,Florida,Orange County,1,5696,1760,1,35.7,27747,0
22101040700,Louisiana,St. Mary Parish,1,3801,1527,1,20,44250,0
12031014408,Florida,Duval County,1,4426,1898,0,11.6,83846,1
37117970200,North Carolina,Martin County,1,4586,1997,1,24.1,49116,1
48061013305,Texas,Cameron County,1,5273,1330,1,29.1,40882,0
36085000700,New York,Richmond County,1,4915,2129,1,38.4,30563,0
4013811300,Arizona,Maricopa County,1,2839,967,0,6.5,92375,1
39061021702,Ohio,Hamilton County,1,4231,1803,1,14.9,45855,1
36119012802,New York,Westchester County,1,6899,2584,0,11.7,78964,1
12099007723,Florida,Palm Beach County,1,2671,895,0,1.1,124526,1
6055201004,California,Napa County,1,6081,1918,0,8.1,80417,1
36111954800,New York,Ulster County,1,4863,1905,1,20.5,48516,0
34031175801,New Jersey,Passaic County,1,4181,1325,1,36.8,34050,1
39113100302,Ohio,Montgomery County,1,3243,1250,1,20.7,53429,1
54099020500,West Virginia,Wayne County,0,5069,2043,1,32.6,41842,1
12031000300,Florida,Duval County,1,2405,786,1,43.8,25813,0
17031610300,Illinois,Cook County,1,5658,1581,1,29.5,45273,1
26121000300,Michigan,Muskegon County,1,3069,1131,1,42.3,27382,0
26163564401,Michigan,Wayne County,1,5224,1579,0,3.1,155139,1
22103040400,Louisiana,St. Tammany Parish,1,7117,2679,0,6.4,109129,1
13159010500,Georgia,Jasper County,0,8527,3174,1,17.3,47225,1
53033021906,Washington,King County,1,3911,1569,0,9.9,104579,1
48453001503,Texas,Travis County,1,3875,1754,1,15.6,71250,0
25001010306,Massachusetts,Barnstable County,1,2535,1209,1,9.9,71019,1
34005704004,New Jersey,Burlington County,1,3701,1652,0,3.8,80036,1
24033806714,Maryland,Prince George's County,1,3623,1218,1,17.6,57050,1
48167723700,Texas,Galveston County,1,2170,834,1,28.2,52174,0
27003050221,Minnesota,Anoka County,1,6365,1939,0,0.8,127390,1
39099801300,Ohio,Mahoning County,1,2330,903,1,38.9,29615,0
6075023400,California,San Francisco County,1,3660,964,1,26.7,48750,0
6037217001,California,Los Angeles County,1,2654,984,0,14.5,125000,1
17079977300,Illinois,Jasper County,0,2799,1124,0,7.4,73594,1
39151701500,Ohio,Stark County,1,2988,1216,1,41.4,36652,1
40109106302,Oklahoma,Oklahoma County,1,4564,1611,1,43.3,34054,0
45091060901,South Carolina,York County,1,4293,1860,1,21.2,49269,0
47065001100,Tennessee,Hamilton County,1,1774,721,1,29.2,47604,0
27053104000,Minnesota,Hennepin County,1,6489,2466,1,43.1,46721,1
6037408627,California,Los Angeles County,1,3079,915,0,8.9,101172,1
25009207200,Massachusetts,Essex County,1,2939,1129,1,19,59250,0
23001010800,Maine,Androscoggin County,0,3986,1683,0,5,86136,1
27121970300,Minnesota,Pope County,0,2501,1063,0,6.6,77589,0
29095007900,Missouri,Jackson County,1,3681,1381,1,20.4,35777,0
13015960402,Georgia,Bartow County,0,8926,3041,1,9.1,60984,1
17013951300,Illinois,Calhoun County,0,2408,969,0,6.2,78125,1
20125950200,Kansas,Montgomery County,0,2726,1073,1,21.4,48514,1
21121930200,Kentucky,Knox County,0,3688,1390,1,36.9,35969,1
17175951400,Illinois,Stark County,0,3301,1321,0,17.5,63906,0
1045020100,Alabama,Dale County,0,3823,1538,0,16,56393,0
12086008907,Florida,Miami-Dade County,1,4483,1647,0,14.4,64309,1
4013116720,Arizona,Maricopa County,1,3774,1750,0,8.8,76027,1
39035188107,Ohio,Cuyahoga County,1,2561,1168,1,25.8,33155,0
36081121500,New York,Queens County,1,4101,1277,1,18.4,63646,1
48029151600,Texas,Bexar County,1,7244,2443,1,23.2,43088,0
39061010300,Ohio,Hamilton County,1,1713,574,1,32.8,29913,0
48201222600,Texas,Harris County,1,4947,1707,1,36.5,26088,0
13021013202,Georgia,Bibb County,1,2952,1126,1,43.1,30875,0
48201251300,Texas,Harris County,1,7159,2576,0,0.4,93108,1
12086008415,Florida,Miami-Dade County,1,5119,1649,0,7.3,138929,1
37045950900,North Carolina,Cleveland County,1,2952,1290,1,30.6,31936,0
56043000301,Wyoming,Washakie County,1,2665,1154,0,11.6,64152,1
48245002600,Texas,Jefferson County,1,6671,1842,1,38.3,41286,0
26063950100,Michigan,Huron County,0,1388,697,0,9.9,59583,0
6071010016,California,San Bernardino County,1,5584,1524,1,19.8,59167,0
21067003102,Kentucky,Fayette County,1,2538,1017,0,13.2,57927,1
37183053106,North Carolina,Wake County,1,2895,1195,0,9.1,102692,1
4013422104,Arizona,Maricopa County,1,5807,2402,1,24.3,48451,0
53041970300,Washington,Lewis County,1,4973,2126,1,24.1,65240,0
45079010701,South Carolina,Richland County,1,3018,1038,1,19,37303,0
18003003301,Indiana,Allen County,1,2795,1084,1,7.9,49696,0
12057001001,Florida,Hillsborough County,1,3285,1191,1,30.5,31184,1
48113016705,Texas,Dallas County,1,6742,2421,1,19.8,55012,0
37111970902,North Carolina,McDowell County,0,5097,2034,1,17.5,48589,1
6071000301,California,San Bernardino County,1,8795,2132,1,40.2,36227,0
13121008101,Georgia,Fulton County,1,977,391,1,10.5,44750,0
17091012400,Illinois,Kankakee County,1,4966,1710,1,23,67869,0
36105950300,New York,Sullivan County,0,1381,607,0,5.8,78162,1
36061011100,New York,New York County,1,3512,2047,0,16.1,121890,1
17031829700,Illinois,Cook County,1,4349,1256,1,32.3,48194,0
6065042709,California,Riverside County,1,4905,2143,1,12.5,59832,0
8013013305,Colorado,Boulder County,1,4859,1865,1,14.7,78294,1
31055002700,Nebraska,Douglas County,1,2521,732,1,29.8,39706,0
37081016009,North Carolina,Guilford County,1,3743,1402,0,6.4,88393,1
55073000700,Wisconsin,Marathon County,1,5382,2378,1,29.2,47045,0
48093950400,Texas,Comanche County,0,2016,777,0,14.2,56555,0
26163544200,Michigan,Wayne County,1,2467,974,1,38.3,28875,1
17031832100,Illinois,Cook County,1,3297,1879,0,11.4,109236,1
26163576700,Michigan,Wayne County,1,3553,1493,0,5.8,107969,1
26065005700,Michigan,Ingham County,0,4878,1887,0,3.2,110605,1
37135011000,North Carolina,Orange County,1,7182,2846,0,7,98125,0
48249950600,Texas,Jim Wells County,1,4080,1423,1,33.2,28523,0
8077001705,Colorado,Mesa County,1,5500,2043,1,24.3,56766,0
39035193900,Ohio,Cuyahoga County,1,1241,268,1,33.5,51042,0
47083120200,Tennessee,Houston County,0,2203,837,0,13.8,54107,1
35001002300,New Mexico,Bernalillo County,1,8842,3014,1,25.3,43909,0
26065003200,Michigan,Ingham County,1,2245,845,1,38.2,32609,0
8099000300,Colorado,Prowers County,1,4975,2025,1,19.2,46689,0
49057210402,Utah,Weber County,1,6740,1755,0,2.5,97932,1
26163533500,Michigan,Wayne County,1,1322,522,1,49.7,22171,1
27111960700,Minnesota,Otter Tail County,0,2587,1114,1,9.8,67545,0
9009125400,Connecticut,New Haven County,1,3394,1376,1,20.2,50938,0
24031700105,Maryland,Montgomery County,1,6528,2056,0,7,126140,1
24005404202,Maryland,Baltimore County,1,7920,2731,1,18.8,57714,1
36095740500,New York,Schoharie County,0,3758,1580,1,17.2,68977,1
26163534100,Michigan,Wayne County,1,2070,907,1,33.6,35568,1
25009250800,Massachusetts,Essex County,1,6932,2189,1,24.6,44146,0
18141011100,Indiana,St. Joseph County,1,4611,1867,1,19.9,50833,0
6065043006,California,Riverside County,1,4703,1285,1,26.1,42744,0
6071002304,California,San Bernardino County,1,18904,4824,0,6.5,104359,1
40109106912,Oklahoma,Oklahoma County,1,2940,1180,1,34.2,32439,0
17167000700,Illinois,Sangamon County,1,2104,936,1,26,42794,0
6111007100,California,Ventura County,1,6335,2670,1,8.1,72167,0
29510118100,Missouri,St. Louis city,1,1324,534,1,24.1,41964,0
26163504400,Michigan,Wayne County,1,1999,697,1,43.6,31875,1
48029181003,Texas,Bexar County,1,6296,2779,1,37.2,33361,0
24035810600,Maryland,Queen Anne's County,0,4910,1908,0,5.6,123345,1
37183051900,North Carolina,Wake County,1,4847,1933,1,26.8,60656,0
26091061400,Michigan,Lenawee County,1,3546,1467,1,20.2,44896,0
36119008403,New York,Westchester County,1,3641,1371,0,5.7,109397,1
55093960100,Wisconsin,Pierce County,0,2843,1164,1,10,75781,0
48277001000,Texas,Lamar County,1,3784,1487,1,19.9,38809,0
4013116602,Arizona,Maricopa County,1,7325,1993,1,38.2,44583,0
11001002701,District of Columbia,District of Columbia,1,5233,2655,0,15.6,105833,1
50007002101,Vermont,Chittenden County,0,2823,1030,0,1.6,97604,1